1,Zaam-Dox,Nulla ut erat id mauris vulputate elementum. Nullam varius. Nulla facilisi.,https://bizweb.dktcdn.net/100/318/659/products/mbp14-spacegray-select-202110-jpeg-9e7cace4-24d4-4566-b274-aedd4f96f7b0-3f137ec4-54ce-4a61-a238-0d94841b0ab2-14718cd5-605f-43ec-9c52-82ba0d03d515.jpg?v=1685515003537,1410,1,1208
2,Stringtough,"Maecenas leo odio, condimentum id, luctus nec, molestie sed, justo. Pellentesque viverra pede ac diam. Cras pellentesque volutpat dui.",https://bizweb.dktcdn.net/100/318/659/products/mbp14-spacegray-select-202110-jpeg-9e7cace4-24d4-4566-b274-aedd4f96f7b0-3f137ec4-54ce-4a61-a238-0d94841b0ab2-14718cd5-605f-43ec-9c52-82ba0d03d515.jpg?v=1685515003537,1272,4,1663
3,Cardify,"Cum sociis natoque penatibus et magnis dis parturient montes, nascetur ridiculus mus. Vivamus vestibulum sagittis sapien. Cum sociis natoque penatibus et magnis dis parturient montes, nascetur ridiculus mus.",https://bizweb.dktcdn.net/100/318/659/products/mbp14-spacegray-select-202110-jpeg-9e7cace4-24d4-4566-b274-aedd4f96f7b0-3f137ec4-54ce-4a61-a238-0d94841b0ab2-14718cd5-605f-43ec-9c52-82ba0d03d515.jpg?v=1685515003537,1773,4,1952
4,Biodex,Etiam vel augue. Vestibulum rutrum rutrum neque. Aenean auctor gravida sem.,https://bizweb.dktcdn.net/100/318/659/products/mbp14-spacegray-select-202110-jpeg-9e7cace4-24d4-4566-b274-aedd4f96f7b0-3f137ec4-54ce-4a61-a238-0d94841b0ab2-14718cd5-605f-43ec-9c52-82ba0d03d515.jpg?v=1685515003537,1112,3,1237
5,Keylex,"Donec diam neque, vestibulum eget, vulputate ut, ultrices vel, augue. Vestibulum ante ipsum primis in faucibus orci luctus et ultrices posuere cubilia Curae; Donec pharetra, magna vestibulum aliquet ultrices, erat tortor sollicitudin mi, sit amet lobortis sapien sapien non mi. Integer ac neque.",https://bizweb.dktcdn.net/100/318/659/products/mbp14-spacegray-select-202110-jpeg-9e7cace4-24d4-4566-b274-aedd4f96f7b0-3f137ec4-54ce-4a61-a238-0d94841b0ab2-14718cd5-605f-43ec-9c52-82ba0d03d515.jpg?v=1685515003537,1669,3,1921
6,Flexidy,"Curabitur in libero ut massa volutpat convallis. Morbi odio odio, elementum eu, interdum eu, tincidunt in, leo. Maecenas pulvinar lobortis est.",https://bizweb.dktcdn.net/100/318/659/products/mbp14-spacegray-select-202110-jpeg-9e7cace4-24d4-4566-b274-aedd4f96f7b0-3f137ec4-54ce-4a61-a238-0d94841b0ab2-14718cd5-605f-43ec-9c52-82ba0d03d515.jpg?v=1685515003537,1094,5,1114
7,Aerified,"In hac habitasse platea dictumst. Morbi vestibulum, velit id pretium iaculis, diam erat fermentum justo, nec condimentum neque sapien placerat ante. Nulla justo.",https://bizweb.dktcdn.net/100/318/659/products/mbp14-spacegray-select-202110-jpeg-9e7cace4-24d4-4566-b274-aedd4f96f7b0-3f137ec4-54ce-4a61-a238-0d94841b0ab2-14718cd5-605f-43ec-9c52-82ba0d03d515.jpg?v=1685515003537,1734,4,1594
8,Treeflex,"Maecenas leo odio, condimentum id, luctus nec, molestie sed, justo. Pellentesque viverra pede ac diam. Cras pellentesque volutpat dui.",https://bizweb.dktcdn.net/100/318/659/products/mbp14-spacegray-select-202110-jpeg-9e7cace4-24d4-4566-b274-aedd4f96f7b0-3f137ec4-54ce-4a61-a238-0d94841b0ab2-14718cd5-605f-43ec-9c52-82ba0d03d515.jpg?v=1685515003537,1090,5,1471
9,Home Ing,Duis aliquam convallis nunc. Proin at turpis a pede posuere nonummy. Integer non velit.,https://bizweb.dktcdn.net/100/318/659/products/mbp14-spacegray-select-202110-jpeg-9e7cace4-24d4-4566-b274-aedd4f96f7b0-3f137ec4-54ce-4a61-a238-0d94841b0ab2-14718cd5-605f-43ec-9c52-82ba0d03d515.jpg?v=1685515003537,1610,2,1423
10,Wrapsafe,Integer ac leo. Pellentesque ultrices mattis odio. Donec vitae nisi.,https://bizweb.dktcdn.net/100/318/659/products/mbp14-spacegray-select-202110-jpeg-9e7cace4-24d4-4566-b274-aedd4f96f7b0-3f137ec4-54ce-4a61-a238-0d94841b0ab2-14718cd5-605f-43ec-9c52-82ba0d03d515.jpg?v=1685515003537,1600,3,1004
11,Bytecard,"Vestibulum ac est lacinia nisi venenatis tristique. Fusce congue, diam id ornare imperdiet, sapien urna pretium nisl, ut volutpat sapien arcu sed augue. Aliquam erat volutpat.",https://bizweb.dktcdn.net/100/318/659/products/mbp14-spacegray-select-202110-jpeg-9e7cace4-24d4-4566-b274-aedd4f96f7b0-3f137ec4-54ce-4a61-a238-0d94841b0ab2-14718cd5-605f-43ec-9c52-82ba0d03d515.jpg?v=1685515003537,1325,4,1541
12,Stronghold,"Proin interdum mauris non ligula pellentesque ultrices. Phasellus id sapien in sapien iaculis congue. Vivamus metus arcu, adipiscing molestie, hendrerit at, vulputate vitae, nisl.",https://bizweb.dktcdn.net/100/318/659/products/mbp14-spacegray-select-202110-jpeg-9e7cace4-24d4-4566-b274-aedd4f96f7b0-3f137ec4-54ce-4a61-a238-0d94841b0ab2-14718cd5-605f-43ec-9c52-82ba0d03d515.jpg?v=1685515003537,1416,3,1175
13,Zathin,"Fusce posuere felis sed lacus. Morbi sem mauris, laoreet ut, rhoncus aliquet, pulvinar sed, nisl. Nunc rhoncus dui vel sem.",https://bizweb.dktcdn.net/100/318/659/products/mbp14-spacegray-select-202110-jpeg-9e7cace4-24d4-4566-b274-aedd4f96f7b0-3f137ec4-54ce-4a61-a238-0d94841b0ab2-14718cd5-605f-43ec-9c52-82ba0d03d515.jpg?v=1685515003537,1096,3,1755
14,Prodder,"Curabitur gravida nisi at nibh. In hac habitasse platea dictumst. Aliquam augue quam, sollicitudin vitae, consectetuer eget, rutrum at, lorem.",https://bizweb.dktcdn.net/100/318/659/products/mbp14-spacegray-select-202110-jpeg-9e7cace4-24d4-4566-b274-aedd4f96f7b0-3f137ec4-54ce-4a61-a238-0d94841b0ab2-14718cd5-605f-43ec-9c52-82ba0d03d515.jpg?v=1685515003537,1078,3,1585
15,Trippledex,Nullam porttitor lacus at turpis. Donec posuere metus vitae ipsum. Aliquam non mauris.,https://bizweb.dktcdn.net/100/318/659/products/mbp14-spacegray-select-202110-jpeg-9e7cace4-24d4-4566-b274-aedd4f96f7b0-3f137ec4-54ce-4a61-a238-0d94841b0ab2-14718cd5-605f-43ec-9c52-82ba0d03d515.jpg?v=1685515003537,1421,2,1340
16,Lotlux,"Vestibulum ac est lacinia nisi venenatis tristique. Fusce congue, diam id ornare imperdiet, sapien urna pretium nisl, ut volutpat sapien arcu sed augue. Aliquam erat volutpat.",https://bizweb.dktcdn.net/100/318/659/products/mbp14-spacegray-select-202110-jpeg-9e7cace4-24d4-4566-b274-aedd4f96f7b0-3f137ec4-54ce-4a61-a238-0d94841b0ab2-14718cd5-605f-43ec-9c52-82ba0d03d515.jpg?v=1685515003537,1410,4,1734
17,Stronghold,Pellentesque at nulla. Suspendisse potenti. Cras in purus eu magna vulputate luctus.,https://bizweb.dktcdn.net/100/318/659/products/mbp14-spacegray-select-202110-jpeg-9e7cace4-24d4-4566-b274-aedd4f96f7b0-3f137ec4-54ce-4a61-a238-0d94841b0ab2-14718cd5-605f-43ec-9c52-82ba0d03d515.jpg?v=1685515003537,1859,4,1482
18,Toughjoyfax,"Vestibulum ac est lacinia nisi venenatis tristique. Fusce congue, diam id ornare imperdiet, sapien urna pretium nisl, ut volutpat sapien arcu sed augue. Aliquam erat volutpat.",https://bizweb.dktcdn.net/100/318/659/products/mbp14-spacegray-select-202110-jpeg-9e7cace4-24d4-4566-b274-aedd4f96f7b0-3f137ec4-54ce-4a61-a238-0d94841b0ab2-14718cd5-605f-43ec-9c52-82ba0d03d515.jpg?v=1685515003537,1133,3,1789
19,It,In quis justo. Maecenas rhoncus aliquam lacus. Morbi quis tortor id nulla ultrices aliquet.,https://bizweb.dktcdn.net/100/318/659/products/mbp14-spacegray-select-202110-jpeg-9e7cace4-24d4-4566-b274-aedd4f96f7b0-3f137ec4-54ce-4a61-a238-0d94841b0ab2-14718cd5-605f-43ec-9c52-82ba0d03d515.jpg?v=1685515003537,1256,3,1697
20,Stim,"Duis bibendum, felis sed interdum venenatis, turpis enim blandit mi, in porttitor pede justo eu massa. Donec dapibus. Duis at velit eu est congue elementum.",https://bizweb.dktcdn.net/100/318/659/products/mbp14-spacegray-select-202110-jpeg-9e7cace4-24d4-4566-b274-aedd4f96f7b0-3f137ec4-54ce-4a61-a238-0d94841b0ab2-14718cd5-605f-43ec-9c52-82ba0d03d515.jpg?v=1685515003537,1396,4,1933
21,Stim,Aliquam quis turpis eget elit sodales scelerisque. Mauris sit amet eros. Suspendisse accumsan tortor quis turpis.,https://bizweb.dktcdn.net/100/318/659/products/mbp14-spacegray-select-202110-jpeg-9e7cace4-24d4-4566-b274-aedd4f96f7b0-3f137ec4-54ce-4a61-a238-0d94841b0ab2-14718cd5-605f-43ec-9c52-82ba0d03d515.jpg?v=1685515003537,1491,5,1766
22,Alphazap,"Proin eu mi. Nulla ac enim. In tempor, turpis nec euismod scelerisque, quam turpis adipiscing lorem, vitae mattis nibh ligula nec sem.",https://bizweb.dktcdn.net/100/318/659/products/mbp14-spacegray-select-202110-jpeg-9e7cace4-24d4-4566-b274-aedd4f96f7b0-3f137ec4-54ce-4a61-a238-0d94841b0ab2-14718cd5-605f-43ec-9c52-82ba0d03d515.jpg?v=1685515003537,1362,1,1881
23,Prodder,"Morbi porttitor lorem id ligula. Suspendisse ornare consequat lectus. In est risus, auctor sed, tristique in, tempus sit amet, sem.",https://bizweb.dktcdn.net/100/318/659/products/mbp14-spacegray-select-202110-jpeg-9e7cace4-24d4-4566-b274-aedd4f96f7b0-3f137ec4-54ce-4a61-a238-0d94841b0ab2-14718cd5-605f-43ec-9c52-82ba0d03d515.jpg?v=1685515003537,1222,3,1591
24,Flexidy,"Proin leo odio, porttitor id, consequat in, consequat ut, nulla. Sed accumsan felis. Ut at dolor quis odio consequat varius.",https://bizweb.dktcdn.net/100/318/659/products/mbp14-spacegray-select-202110-jpeg-9e7cace4-24d4-4566-b274-aedd4f96f7b0-3f137ec4-54ce-4a61-a238-0d94841b0ab2-14718cd5-605f-43ec-9c52-82ba0d03d515.jpg?v=1685515003537,1664,5,1862
25,Tresom,Etiam vel augue. Vestibulum rutrum rutrum neque. Aenean auctor gravida sem.,https://bizweb.dktcdn.net/100/318/659/products/mbp14-spacegray-select-202110-jpeg-9e7cace4-24d4-4566-b274-aedd4f96f7b0-3f137ec4-54ce-4a61-a238-0d94841b0ab2-14718cd5-605f-43ec-9c52-82ba0d03d515.jpg?v=1685515003537,1018,5,1962
26,Latlux,"Cum sociis natoque penatibus et magnis dis parturient montes, nascetur ridiculus mus. Vivamus vestibulum sagittis sapien. Cum sociis natoque penatibus et magnis dis parturient montes, nascetur ridiculus mus.",https://bizweb.dktcdn.net/100/318/659/products/mbp14-spacegray-select-202110-jpeg-9e7cace4-24d4-4566-b274-aedd4f96f7b0-3f137ec4-54ce-4a61-a238-0d94841b0ab2-14718cd5-605f-43ec-9c52-82ba0d03d515.jpg?v=1685515003537,1085,1,1642
27,Fixflex,Nullam porttitor lacus at turpis. Donec posuere metus vitae ipsum. Aliquam non mauris.,https://bizweb.dktcdn.net/100/318/659/products/mbp14-spacegray-select-202110-jpeg-9e7cace4-24d4-4566-b274-aedd4f96f7b0-3f137ec4-54ce-4a61-a238-0d94841b0ab2-14718cd5-605f-43ec-9c52-82ba0d03d515.jpg?v=1685515003537,1003,2,1827
28,Stringtough,In quis justo. Maecenas rhoncus aliquam lacus. Morbi quis tortor id nulla ultrices aliquet.,https://bizweb.dktcdn.net/100/318/659/products/mbp14-spacegray-select-202110-jpeg-9e7cace4-24d4-4566-b274-aedd4f96f7b0-3f137ec4-54ce-4a61-a238-0d94841b0ab2-14718cd5-605f-43ec-9c52-82ba0d03d515.jpg?v=1685515003537,1913,4,1626
29,It,"Curabitur at ipsum ac tellus semper interdum. Mauris ullamcorper purus sit amet nulla. Quisque arcu libero, rutrum ac, lobortis vel, dapibus at, diam.",https://bizweb.dktcdn.net/100/318/659/products/mbp14-spacegray-select-202110-jpeg-9e7cace4-24d4-4566-b274-aedd4f96f7b0-3f137ec4-54ce-4a61-a238-0d94841b0ab2-14718cd5-605f-43ec-9c52-82ba0d03d515.jpg?v=1685515003537,1915,4,1518
30,Tampflex,"In sagittis dui vel nisl. Duis ac nibh. Fusce lacus purus, aliquet at, feugiat non, pretium quis, lectus.",https://bizweb.dktcdn.net/100/318/659/products/mbp14-spacegray-select-202110-jpeg-9e7cace4-24d4-4566-b274-aedd4f96f7b0-3f137ec4-54ce-4a61-a238-0d94841b0ab2-14718cd5-605f-43ec-9c52-82ba0d03d515.jpg?v=1685515003537,1013,3,1707
